,List Sort,,Score Sort,,Player,NRL Team,XRL Team,Position 1,Position 2,Credits,Captaincy
B,B1,B,B1,"ADDO-CARR, Josh ",Josh ADDO-CARR,Melbourne Storm,,Back,,,
B,B2,B,B2,"AEKINS, Caleb ",Caleb AEKINS,Canberra Raiders,,Back,,,
B,B3,B,B3,"AITKEN, Euan ",Euan AITKEN,New Zealand Warriors,,Back,,,
B,B4,B,B4,"ALLAN, Corey ",Corey ALLAN,Canterbury Bulldogs,,Back,,,
B,B5,B,B5,"ARTHARS, Jesse ",Jesse ARTHARS,Brisbane Broncos,,Back,,,
B,B6,B,B6,"BERRY, Rocco ",Rocco BERRY,New Zealand Warriors,,Back,,,
B,B7,B,B7,"BEST, Bradman ",Bradman BEST,Newcastle Knights,,Back,,,
B,B8,B,B8,"BIRD, Jack ",Jack BIRD,St George Illawarra Dragons,,Back,,,
B,B9,B,B9,"BLAKE, Waqa ",Waqa BLAKE,Parramatta Eels,,Back,,,
B,B10,B,B10,"BOWEN, Javid ",Javid BOWEN,North Queensland Cowboys,,Back,,,
B,B11,B,B11,"BRADLEY, Kane ",Kane BRADLEY,North Queensland Cowboys,,Back,,,
B,B12,B,B12,"BRIMSON, Alexander ",Alexander BRIMSON,Gold Coast Titans,,Back,,,
B,B13,B,B13,"BURNS, Braidon ",Braidon BURNS,South Sydney Rabbitohs,,Back,,,
B,B14,B,B14,"CINI, Zachary ",Zachary CINI,Wests Tigers,,Back,,,
B,B15,B,B15,"COATES, Xavier ",Xavier COATES,Brisbane Broncos,,Back,,,
B,B16,B,B16,"COOK, Adam ",Adam COOK,Canberra Raiders,,Back,,,
B,B17,B,B17,"COPLEY, Dale ",Dale COPLEY,Brisbane Broncos,,Back,,,
B,B18,B,B18,"COTRIC, Nick ",Nick COTRIC,Canterbury Bulldogs,,Back,,,
B,B19,B,B19,"CRICHTON, Christian ",Christian CRICHTON,Canterbury Bulldogs,,Back,,,
B,B20,B,B20,"CRICHTON, Stephen ",Stephen CRICHTON,Penrith Panthers,,Back,,,
B,B21,B,B21,"CROKER, Jarrod ",Jarrod CROKER,Canberra Raiders,,Back,,,
B,B22,B,B22,"DON, Anthony ",Anthony DON,Gold Coast Titans,,Back,,,
B,B23,B,B23,"DOUEIHI, Adam ",Adam DOUEIHI,Wests Tigers,,Back,,,
B,B24,B,B24,"DUFTY, Matthew ",Matthew DUFTY,St George Illawarra Dragons,,Back,,,
B,B25,B,B25,"DUGAN, Josh ",Josh DUGAN,Cronulla Sharks,,Back,,,
B,B26,B,B26,"DUNSTER, Haze ",Haze DUNSTER,Parramatta Eels,,Back,,,
B,B27,B,B27,"EDWARDS, Dylan ",Dylan EDWARDS,Penrith Panthers,,Back,,,
B,B28,B,B28,"FARNWORTH, Herbie ",Herbie FARNWORTH,Brisbane Broncos,,Back,,,
B,B29,B,B29,"FEAGAI, Mathew ",Mathew FEAGAI,St George Illawarra Dragons,,Back,,,
B,B30,B,B30,"FEAGAI, Max ",Max FEAGAI,St George Illawarra Dragons,,Back,,,
B,B31,B,B31,"FELDT, Kyle ",Kyle FELDT,North Queensland Cowboys,,Back,,,
B,B32,B,B32,"FERGUSON, Blake ",Blake FERGUSON,Parramatta Eels,,Back,,,
B,B33,B,B33,"FUNA, Tevita ",Tevita FUNA,Manly Sea Eagles,,Back,,,
B,B34,B,B34,"FUSITU'A, David ",David FUSITU'A,New Zealand Warriors,,Back,,,
B,B35,B,B35,"GAGAI, Dane ",Dane GAGAI,South Sydney Rabbitohs,,Back,,,
B,B36,B,B36,"GARRICK, Reuben ",Reuben GARRICK,Manly Sea Eagles,,Back,,,
B,B37,B,B37,"GRAHAM, Campbell ",Campbell GRAHAM,South Sydney Rabbitohs,,Back,,,
B,B38,B,B38,"GUTHERSON, Clinton ",Clinton GUTHERSON,Parramatta Eels,,Back,,,
B,B39,B,B39,"HAMPTON, Ben ",Ben HAMPTON,North Queensland Cowboys,,Back,,,
B,B40,B,B40,"HARDING, Tyrone ",Tyrone HARDING,Canterbury Bulldogs,,Back,,,
B,B41,B,B41,"HARPER, Morgan ",Morgan HARPER,Manly Sea Eagles,,Back,,,
B,B42,B,B42,"HERBERT, Patrick ",Patrick HERBERT,Gold Coast Titans,,Back,,,
B,B43,B,B43,"HIKU, Peta ",Peta HIKU,New Zealand Warriors,,Back,,,
B,B44,B,B44,"HIROTI, Mawene ",Mawene HIROTI,Cronulla Sharks,,Back,,,
B,B45,B,B45,"HODGSON, Bailey ",Bailey HODGSON,Newcastle Knights,,Back,,,
B,B46,B,B46,"HOLMES, Valentine ",Valentine HOLMES,North Queensland Cowboys,,Back,,,
B,B47,B,B47,"HOPOATE, Albert ",Albert HOPOATE,Canberra Raiders,,Back,,,
B,B48,B,B48,"HOPOATE, Will ",Will HOPOATE,Canterbury Bulldogs,,Back,,,
B,B49,B,B49,"HUNT, Hymel ",Hymel HUNT,Newcastle Knights,,Back,,,
B,B50,B,B50,"HYNES, Nicho ",Nicho HYNES,Melbourne Storm,,Back,,,
B,B51,B,B51,"IKUVALU, Matt ",Matt IKUVALU,Sydney Roosters,,Back,,,
B,B52,B,B52,"ISAAKO, Jamayne ",Jamayne ISAAKO,Brisbane Broncos,,Back,,,
B,B53,B,B53,"JENNINGS, George ",George JENNINGS,Melbourne Storm,,Back,,,
B,B54,B,B54,"JENNINGS, Michael ",Michael JENNINGS,Parramatta Eels,,Back,,,
B,B55,B,B55,"JENNINGS, Robert ",Robert JENNINGS,Penrith Panthers,,Back,,,
B,B56,B,B56,"JOHNSTON, Alex ",Alex JOHNSTON,South Sydney Rabbitohs,,Back,,,
B,B57,B,B57,"KATOA, Si ",Si KATOA,Cronulla Sharks,,Back,,,
B,B58,B,B58,"KATOA, Tui ",Tui KATOA,Canterbury Bulldogs,,Back,,,
B,B59,B,B59,"KELLY, Brian ",Brian KELLY,Gold Coast Titans,,Back,,,
B,B60,B,B60,"KENNEDY, William ",William KENNEDY,Cronulla Sharks,,Back,,,
B,B61,B,B61,"KEPAOA, Asu ",Asu KEPAOA,Wests Tigers,,Back,,,
B,B62,B,B62,"KOULA, Tolutau ",Tolutau KOULA,Manly Sea Eagles,,Back,,,
B,B63,B,B63,"LAURIE, Daine ",Daine LAURIE,Wests Tigers,,Back,,,
B,B64,B,B64,"LEE, Brenko ",Brenko LEE,Melbourne Storm,,Back,,,
B,B65,B,B65,"LEE, Edrick ",Edrick LEE,Newcastle Knights,,Back,,,
B,B66,B,B66,"LEILUA, Joseph ",Joseph LEILUA,Wests Tigers,,Back,,,
B,B67,B,B67,"LEMUELU, Connelly ",Connelly LEMUELU,North Queensland Cowboys,,Back,,,
B,B68,B,B68,"LOMAX, Zac ",Zac LOMAX,St George Illawarra Dragons,,Back,,,
B,B69,B,B69,"LUMELUME, Isaac ",Isaac LUMELUME,Melbourne Storm,,Back,,,
B,B70,B,B70,"MACDONALD, Nene ",Nene MACDONALD,Cronulla Sharks,,Back,,,
B,B71,B,B71,"MANSOUR, Josh ",Josh MANSOUR,South Sydney Rabbitohs,,Back,,,
B,B72,B,B72,"MANU, Joseph ",Joseph MANU,Sydney Roosters,,Back,,,
B,B73,B,B73,"MARSTERS, Esan ",Esan MARSTERS,North Queensland Cowboys,,Back,,,
B,B74,B,B74,"MARSTERS, Steven ",Steven MARSTERS,South Sydney Rabbitohs,,Back,,,
B,B75,B,B75,"MARZHEW, Gregory ",Gregory MARZHEW,Gold Coast Titans,,Back,,,
B,B76,B,B76,"MAUMALO, Ken ",Ken MAUMALO,New Zealand Warriors,,Back,,,
B,B77,B,B77,"MBYE, Moses ",Moses MBYE,Wests Tigers,,Back,,,
B,B78,B,B78,"MEAD, David ",David MEAD,Brisbane Broncos,,Back,,,
B,B79,B,B79,"MEANEY, Nick ",Nick MEANEY,Canterbury Bulldogs,,Back,,,
B,B80,B,B80,"MITCHELL, Latrell ",Latrell MITCHELL,South Sydney Rabbitohs,,Back,,,
B,B81,B,B81,"MOGA, Tautau ",Tautau MOGA,South Sydney Rabbitohs,,Back,,,
B,B82,B,B82,"MOMIROVSKI, Paul ",Paul MOMIROVSKI,Penrith Panthers,,Back,,,
B,B83,B,B83,"MONTOYA, Marcelo ",Marcelo MONTOYA,New Zealand Warriors,,Back,,,
B,B84,B,B84,"MORRIS, Brett ",Brett MORRIS,Sydney Roosters,,Back,,,
B,B85,B,B85,"MORRIS, Josh ",Josh MORRIS,Sydney Roosters,,Back,,,
B,B86,B,B86,"MOYLAN, Matt ",Matt MOYLAN,Cronulla Sharks,,Back,,,
B,B87,B,B87,"MULITALO, Ronaldo ",Ronaldo MULITALO,Cronulla Sharks,,Back,,,
B,B88,B,B88,"MUSGROVE, Brayden ",Brayden MUSGROVE,Newcastle Knights,,Back,,,
B,B89,B,B89,"NADEN, Brent ",Brent NADEN,Penrith Panthers,,Back,,,
B,B90,B,B90,"NICOLL-KLOKSTAD, Charnze ",Charnze NICOLL-KLOKSTAD,Canberra Raiders,,Back,,,
B,B91,B,B91,"NIU, Tesi ",Tesi NIU,Brisbane Broncos,,Back,,,
B,B92,B,B92,"NOFOALUMA, David ",David NOFOALUMA,Wests Tigers,,Back,,,
B,B93,B,B93,"O'NEILL, Justin ",Justin O'NEILL,North Queensland Cowboys,,Back,,,
B,B94,B,B94,"OKUNBOR, Jayden ",Jayden OKUNBOR,Canterbury Bulldogs,,Back,,,
B,B95,B,B95,"OLAM, Justin ",Justin OLAM,Melbourne Storm,,Back,,,
B,B96,B,B96,"OLDFIELD, Michael ",Michael OLDFIELD,Parramatta Eels,,Back,,,
B,B97,B,B97,"OPACIC, Tom ",Tom OPACIC,Parramatta Eels,,Back,,,
B,B98,B,B98,"PAPENHUYZEN, Ryan ",Ryan PAPENHUYZEN,Melbourne Storm,,Back,,,
B,B99,B,B99,"PARKER, Brad ",Brad PARKER,Manly Sea Eagles,,Back,,,
B,B100,B,B100,"PAULO, Jaxson ",Jaxson PAULO,South Sydney Rabbitohs,,Back,,,
B,B101,B,B101,"PEARSON, Jonus ",Jonus PEARSON,Gold Coast Titans,,Back,,,
B,B102,B,B102,"PEREIRA, Jordan ",Jordan PEREIRA,St George Illawarra Dragons,,Back,,,
B,B103,B,B103,"PERHAM, Hayze ",Hayze PERHAM,New Zealand Warriors,,Back,,,
B,B104,B,B104,"POMPEY, Adam ",Adam POMPEY,New Zealand Warriors,,Back,,,
B,B105,B,B105,"PONGA, Kalyn ",Kalyn PONGA,Newcastle Knights,,Back,,,
B,B106,B,B106,"RAMIEN, Jesse ",Jesse RAMIEN,Cronulla Sharks,,Back,,,
B,B107,B,B107,"RAMSEY, Cody ",Cody RAMSEY,St George Illawarra Dragons,,Back,,,
B,B108,B,B108,"RANKIN, Jordan ",Jordan RANKIN,Parramatta Eels,,Back,,,
B,B109,B,B109,"RAPANA, Jordan ",Jordan RAPANA,Canberra Raiders,,Back,,,
B,B110,B,B110,"RATUVA, Iliesa ",Iliesa RATUVA,New Zealand Warriors,,Back,,,
B,B111,B,B111,"RAVALAWA, Mikaele ",Mikaele RAVALAWA,St George Illawarra Dragons,,Back,,,
B,B112,B,B112,"ROBERTS, James ",James ROBERTS,Wests Tigers,,Back,,,
B,B113,B,B113,"SAAB, Jason ",Jason SAAB,Manly Sea Eagles,,Back,,,
B,B114,B,B114,"SAMI, Phillip ",Phillip SAMI,Gold Coast Titans,,Back,,,
B,B115,B,B115,"SCOTT, Curtis ",Curtis SCOTT,Canberra Raiders,,Back,,,
B,B116,B,B116,"SHIBASAKI, Gehamat ",Gehamat SHIBASAKI,Newcastle Knights,,Back,,,
B,B117,B,B117,"SIMONSSON, Bailey ",Bailey SIMONSSON,Canberra Raiders,,Back,,,
B,B118,B,B118,"SIVO, Maika ",Maika SIVO,Parramatta Eels,,Back,,,
B,B119,B,B119,"SMITH-SHIELDS, Harley ",Harley SMITH-SHIELDS,Canberra Raiders,,Back,,,
B,B120,B,B120,"SMITH, Billy ",Billy SMITH,Sydney Roosters,,Back,,,
B,B121,B,B121,"SMITH, Reimis ",Reimis SMITH,Melbourne Storm,,Back,,,
B,B122,B,B122,"SPRY, Treymain ",Treymain SPRY,Gold Coast Titans,,Back,,,
B,B123,B,B123,"STAGGS, Kotoni ",Kotoni STAGGS,Brisbane Broncos,,Back,,,
B,B124,B,B124,"STAINES, Charlie ",Charlie STAINES,Penrith Panthers,,Back,,,
B,B125,B,B125,"SUAALII, Joseph ",Joseph SUAALII,Sydney Roosters,,Back,,,
B,B126,B,B126,"SULI, Moses ",Moses SULI,Manly Sea Eagles,,Back,,,
B,B127,B,B127,"TABUAI-FIDOW, Hamiso ",Hamiso TABUAI-FIDOW,North Queensland Cowboys,,Back,,,
B,B128,B,B128,"TALAU, Tommy ",Tommy TALAU,Wests Tigers,,Back,,,
B,B129,B,B129,"TAUFUA, Jorge ",Jorge TAUFUA,Manly Sea Eagles,,Back,,,
B,B130,B,B130,"TAULAGI, Murray ",Murray TAULAGI,North Queensland Cowboys,,Back,,,
B,B131,B,B131,"TAUMOEPEAU, Jensen ",Jensen TAUMOEPEAU,Cronulla Sharks,,Back,,,
B,B132,B,B132,"TEDESCO, James ",James TEDESCO,Sydney Roosters,,Back,,,
B,B133,B,B133,"THOMPSON, Corey ",Corey THOMPSON,Gold Coast Titans,,Back,,,
B,B134,B,B134,"TIMOKO, Matthew ",Matthew TIMOKO,Canberra Raiders,,Back,,,
B,B135,B,B135,"TO'A, Starford ",Starford TO'A,Newcastle Knights,,Back,,,
B,B136,B,B136,"TO'O, Brian ",Brian TO'O,Penrith Panthers,,Back,,,
B,B137,B,B137,"TRBOJEVIC, Ben ",Ben TRBOJEVIC,Manly Sea Eagles,,Back,,,
B,B138,B,B138,"TRBOJEVIC, Tom ",Tom TRBOJEVIC,Manly Sea Eagles,,Back,,,
B,B139,B,B139,"TUALA, Enari ",Enari TUALA,Newcastle Knights,,Back,,,
B,B140,B,B140,"TUIPULOTU, Christian ",Christian TUIPULOTU,Manly Sea Eagles,,Back,,,
B,B141,B,B141,"TUIVASA-SHECK, Roger ",Roger TUIVASA-SHECK,New Zealand Warriors,,Back,,,
B,B142,B,B142,"TUPOU, Daniel ",Daniel TUPOU,Sydney Roosters,,Back,,,
B,B143,B,B143,"VALEMEI, Semi ",Semi VALEMEI,Canberra Raiders,,Back,,,
B,B144,B,B144,"WALKER, Dylan ",Dylan WALKER,Manly Sea Eagles,,Back,,,
B,B145,B,B145,"WATENE-ZELEZNIAK, Dallin ",Dallin WATENE-ZELEZNIAK,Canterbury Bulldogs,,Back,,,
B,B146,B,B146,"WILIAME, Brayden ",Brayden WILIAME,St George Illawarra Dragons,,Back,,,
B,B147,B,B147,"YOUNG, Dominic ",Dominic YOUNG,Newcastle Knights,,Back,,,
F,F1,F,F1,"AFOA, Bunty ",Bunty AFOA,New Zealand Warriors,,Forward,,,
F,F2,F,F2,"AH MAU, Leeson ",Leeson AH MAU,New Zealand Warriors,,Forward,,,
F,F3,F,F3,"ALE, Tom ",Tom ALE,New Zealand Warriors,,Forward,,,
F,F4,F,F4,"ALOIAI, Josh ",Josh ALOIAI,Manly Sea Eagles,,Forward,,,
F,F5,F,F5,"ALVARO, Daniel ",Daniel ALVARO,St George Illawarra Dragons,,Forward,,,
F,F6,F,F6,"ARROW, Jai ",Jai ARROW,South Sydney Rabbitohs,,Forward,,,
F,F7,F,F7,"ASIATA, John ",John ASIATA,Brisbane Broncos,,Forward,,,
F,F8,F,F8,"ASOFA-SOLOMONA, Nelson ",Nelson ASOFA-SOLOMONA,Melbourne Storm,,Forward,,,
F,F9,F,F9,"BAKER, Fletcher ",Fletcher BAKER,Sydney Roosters,,Forward,,,
F,F10,F,F10,"BARNETT, Mitchell ",Mitchell BARNETT,Newcastle Knights,,Forward,,,
F,F11,F,F11,"BLACKER, Eddie ",Eddie BLACKER,St George Illawarra Dragons,,Forward,,,
F,F12,F,F12,"BLORE, Shawn ",Shawn BLORE,Wests Tigers,,Forward,,,
F,F13,F,F13,"BOYLE, Morgan ",Morgan BOYLE,Manly Sea Eagles,,Forward,,,
F,F14,F,F14,"BRITT, Dean ",Dean BRITT,Canterbury Bulldogs,,Forward,,,
F,F15,F,F15,"BROMWICH, Jesse ",Jesse BROMWICH,Melbourne Storm,,Forward,,,
F,F16,F,F16,"BROMWICH, Kenneath ",Kenneath BROMWICH,Melbourne Storm,,Forward,,,
F,F17,F,F17,"BROWN, Nathan ",Nathan BROWN,Parramatta Eels,,Forward,,,
F,F18,F,F18,"BULLEMOR, Ethan ",Ethan BULLEMOR,Brisbane Broncos,,Forward,,,
F,F19,F,F19,"BURGESS, Thomas ",Thomas BURGESS,South Sydney Rabbitohs,,Forward,,,
F,F20,F,F20,"BURNS, Billy ",Billy BURNS,Penrith Panthers,,Forward,,,
F,F21,F,F21,"BURR, Lachlan ",Lachlan BURR,North Queensland Cowboys,,Forward,,,
F,F22,F,F22,"BUTCHER, Egan ",Egan BUTCHER,Sydney Roosters,,Forward,,,
F,F23,F,F23,"BUTCHER, Nat ",Nat BUTCHER,Sydney Roosters,,Forward,,,
F,F24,F,F24,"CAMPBELL-GILLARD, Reagan ",Reagan CAMPBELL-GILLARD,Parramatta Eels,,Forward,,,
F,F25,F,F25,"CAPEWELL, Kurt ",Kurt CAPEWELL,Penrith Panthers,,Forward,,,
F,F26,F,F26,"CARR, Joshua ",Joshua CARR,Cronulla Sharks,,Forward,,,
F,F27,F,F27,"CARRIGAN, Patrick ",Patrick CARRIGAN,Brisbane Broncos,,Forward,,,
F,F28,F,F28,"CARTWRIGHT, Bryce ",Bryce CARTWRIGHT,Parramatta Eels,,Forward,,,
F,F29,F,F29,"CARTWRIGHT, Jed ",Jed CARTWRIGHT,South Sydney Rabbitohs,,Forward,,,
F,F30,F,F30,"CHEE-KAM, Michael ",Michael CHEE-KAM,Wests Tigers,,Forward,,,
F,F31,F,F31,"COLLINS, Lindsay ",Lindsay COLLINS,Sydney Roosters,,Forward,,,
F,F32,F,F32,"CONDON, Ben ",Ben CONDON,North Queensland Cowboys,,Forward,,,
F,F33,F,F33,"CORDNER, Boyd ",Boyd CORDNER,Sydney Roosters,,Forward,,,
F,F34,F,F34,"CRICHTON, Angus ",Angus CRICHTON,Sydney Roosters,,Forward,,,
F,F35,F,F35,"CURRAN, Josh ",Josh CURRAN,New Zealand Warriors,,Forward,,,
F,F36,F,F36,"DAVEY, Andrew ",Andrew DAVEY,Manly Sea Eagles,,Forward,,,
F,F37,F,F37,"DE BELIN, Jack ",Jack DE BELIN,St George Illawarra Dragons,,Forward,,,
F,F38,F,F38,"DOOREY, Matt ",Matt DOOREY,Canterbury Bulldogs,,Forward,,,
F,F39,F,F39,"DUNN, Mitchell ",Mitchell DUNN,North Queensland Cowboys,,Forward,,,
F,F40,F,F40,"EISENHUTH, Matthew ",Matthew EISENHUTH,Penrith Panthers,,Forward,,,
F,F41,F,F41,"EISENHUTH, Tom ",Tom EISENHUTH,Melbourne Storm,,Forward,,,
F,F42,F,F42,"ELLIOTT, Adam ",Adam ELLIOTT,Canterbury Bulldogs,,Forward,,,
F,F43,F,F43,"ELLIS, Kaide ",Kaide ELLIS,St George Illawarra Dragons,,Forward,,,
F,F44,F,F44,"ESE'ESE, Herman ",Herman ESE'ESE,Gold Coast Titans,,Forward,,,
F,F45,F,F45,"EVANS, Kane ",Kane EVANS,New Zealand Warriors,,Forward,,,
F,F46,F,F46,"FAAMAUSILI, Poasa ",Poasa FAAMAUSILI,St George Illawarra Dragons,,Forward,,,
F,F47,F,F47,"FAASUAMALEAUI, Tino ",Tino FAASUAMALEAUI,Gold Coast Titans,,Forward,,,
F,F48,F,F48,"FAITALA-MARINER, Raymond ",Raymond FAITALA-MARINER,Canterbury Bulldogs,,Forward,,,
F,F49,F,F49,"FARMER, Darius ",Darius FARMER,Gold Coast Titans,,Forward,,,
F,F50,F,F50,"FERMOR, Beau ",Beau FERMOR,Gold Coast Titans,,Forward,,,
F,F51,F,F51,"FIFITA, Andrew ",Andrew FIFITA,Cronulla Sharks,,Forward,,,
F,F52,F,F52,"FIFITA, David ",David FIFITA,Gold Coast Titans,,Forward,,,
F,F53,F,F53,"FINUCANE, Dale ",Dale FINUCANE,Melbourne Storm,,Forward,,,
F,F54,F,F54,"FISHER-HARRIS, James ",James FISHER-HARRIS,Penrith Panthers,,Forward,,,
F,F55,F,F55,"FITZGIBBON, Lachlan ",Lachlan FITZGIBBON,Newcastle Knights,,Forward,,,
F,F56,F,F56,"FLEGLER, Thomas ",Thomas FLEGLER,Brisbane Broncos,,Forward,,,
F,F57,F,F57,"FONUA-BLAKE, Addin ",Addin FONUA-BLAKE,New Zealand Warriors,,Forward,,,
F,F58,F,F58,"FORD, Jackson ",Jackson FORD,St George Illawarra Dragons,,Forward,,,
F,F59,F,F59,"FOTUAIKA, Moeaki ",Moeaki FOTUAIKA,Gold Coast Titans,,Forward,,,
F,F60,F,F60,"FREI, Jackson ",Jackson FREI,New Zealand Warriors,,Forward,,,
F,F61,F,F61,"FRIZELL, Tyson ",Tyson FRIZELL,Newcastle Knights,,Forward,,,
F,F62,F,F62,"FUIMAONO, Tyrell ",Tyrell FUIMAONO,St George Illawarra Dragons,,Forward,,,
F,F63,F,F63,"GARDNER, Brock ",Brock GARDNER,South Sydney Rabbitohs,,Forward,,,
F,F64,F,F64,"GARNER, Luke ",Luke GARNER,Wests Tigers,,Forward,,,
F,F65,F,F65,"GILBERT, Tom ",Tom GILBERT,North Queensland Cowboys,,Forward,,,
F,F66,F,F66,"GLENN, Alex ",Alex GLENN,Brisbane Broncos,,Forward,,,
F,F67,F,F67,"GOSIEWSKI, Jack ",Jack GOSIEWSKI,Manly Sea Eagles,,Forward,,,
F,F68,F,F68,"GRAHAM, Wade ",Wade GRAHAM,Cronulla Sharks,,Forward,,,
F,F69,F,F69,"GREIG, Wiremu ",Wiremu GREIG,North Queensland Cowboys,,Forward,,,
F,F70,F,F70,"GULER, Emre ",Emre GULER,Canberra Raiders,,Forward,,,
F,F71,F,F71,"HAAS, Payne ",Payne HAAS,Brisbane Broncos,,Forward,,,
F,F72,F,F72,"HAMLIN-UELE, Braden ",Braden HAMLIN-UELE,Cronulla Sharks,,Forward,,,
F,F73,F,F73,"HARAWIRA-NAERA, Corey ",Corey HARAWIRA-NAERA,Canberra Raiders,,Forward,,,
F,F74,F,F74,"HARRIS, Tohu ",Tohu HARRIS,New Zealand Warriors,,Forward,,,
F,F75,F,F75,"HESS, Coen ",Coen HESS,North Queensland Cowboys,,Forward,,,
F,F76,F,F76,"HETHERINGTON, Jack ",Jack HETHERINGTON,Canterbury Bulldogs,,Forward,,,
F,F77,F,F77,"HIPGRAVE, Keegan ",Keegan HIPGRAVE,Parramatta Eels,,Forward,,,
F,F78,F,F78,"HOLA, Peter ",Peter HOLA,North Queensland Cowboys,,Forward,,,
F,F79,F,F79,"HOLLIS, David ",David HOLLIS,Parramatta Eels,,Forward,,,
F,F80,F,F80,"HORSBURGH, Corey ",Corey HORSBURGH,Canberra Raiders,,Forward,,,
F,F81,F,F81,"HOST, Jacob ",Jacob HOST,South Sydney Rabbitohs,,Forward,,,
F,F82,F,F82,"HOWARTH, Jack ",Jack HOWARTH,Melbourne Storm,,Forward,,,
F,F83,F,F83,"HUGHES, Samuel ",Samuel HUGHES,Parramatta Eels,,Forward,,,
F,F84,F,F84,"HUNT, Royce ",Royce HUNT,Cronulla Sharks,,Forward,,,
F,F85,F,F85,"JACKSON, Josh ",Josh JACKSON,Canterbury Bulldogs,,Forward,,,
F,F86,F,F86,"JAMES, Ryan ",Ryan JAMES,Canberra Raiders,,Forward,,,
F,F87,F,F87,"JENSEN, Corey ",Corey JENSEN,North Queensland Cowboys,,Forward,,,
F,F88,F,F88,"JOHNS, Jack ",Jack JOHNS,Newcastle Knights,,Forward,,,
F,F89,F,F89,"JOLLIFFE, Jaimin ",Jaimin JOLLIFFE,Gold Coast Titans,,Forward,,,
F,F90,F,F90,"JONES, Brodie ",Brodie JONES,Newcastle Knights,,Forward,,,
F,F91,F,F91,"KAMIKAMICA, Tui ",Tui KAMIKAMICA,Melbourne Storm,,Forward,,,
F,F92,F,F92,"KATOA, Eliesa ",Eliesa KATOA,New Zealand Warriors,,Forward,,,
F,F93,F,F93,"KAUFUSI, Felise ",Felise KAUFUSI,Melbourne Storm,,Forward,,,
F,F94,F,F94,"KAUFUSI, Oregon ",Oregon KAUFUSI,Parramatta Eels,,Forward,,,
F,F95,F,F95,"KENNEDY, Rhys ",Rhys KENNEDY,Brisbane Broncos,,Forward,,,
F,F96,F,F96,"KEPPIE, Sean ",Sean KEPPIE,Manly Sea Eagles,,Forward,,,
F,F97,F,F97,"KERR, Josh ",Josh KERR,St George Illawarra Dragons,,Forward,,,
F,F98,F,F98,"KIKAU, Viliame ",Viliame KIKAU,Penrith Panthers,,Forward,,,
F,F99,F,F99,"KING, Josh ",Josh KING,Newcastle Knights,,Forward,,,
F,F100,F,F100,"KING, Max ",Max KING,Melbourne Storm,,Forward,,,
F,F101,F,F101,"KLEMMER, David ",David KLEMMER,Newcastle Knights,,Forward,,,
F,F102,F,F102,"KNIGHT, Liam ",Liam KNIGHT,South Sydney Rabbitohs,,Forward,,,
F,F103,F,F103,"KOLOAMATANGI, Keaon ",Keaon KOLOAMATANGI,South Sydney Rabbitohs,,Forward,,,
F,F104,F,F104,"LANE, Shaun ",Shaun LANE,Parramatta Eels,,Forward,,,
F,F105,F,F105,"LAWRIE, Blake ",Blake LAWRIE,St George Illawarra Dragons,,Forward,,,
F,F106,F,F106,"LAWTON, Karl ",Karl LAWTON,New Zealand Warriors,,Forward,,,
F,F107,F,F107,"LEILUA, Luciano ",Luciano LEILUA,Wests Tigers,,Forward,,,
F,F108,F,F108,"LENIU, Spencer ",Spencer LENIU,Penrith Panthers,,Forward,,,
F,F109,F,F109,"LEOTA, Moses ",Moses LEOTA,Penrith Panthers,,Forward,,,
F,F110,F,F110,"LEWIS, Chris ",Chris LEWIS,Melbourne Storm,,Forward,,,
F,F111,F,F111,"LIU, Isaac ",Isaac LIU,Sydney Roosters,,Forward,,,
F,F112,F,F112,"LODGE, Matthew ",Matthew LODGE,Brisbane Broncos,,Forward,,,
F,F113,F,F113,"LUI, Dunamis ",Dunamis LUI,Canberra Raiders,,Forward,,,
F,F114,F,F114,"MAGO, Patrick ",Patrick MAGO,South Sydney Rabbitohs,,Forward,,,
F,F115,F,F115,"MAGOULIAS, Billy ",Billy MAGOULIAS,Cronulla Sharks,,Forward,,,
F,F116,F,F116,"MARTIN, Liam ",Liam MARTIN,Penrith Panthers,,Forward,,,
F,F117,F,F117,"MATTERSON, Ryan ",Ryan MATTERSON,Parramatta Eels,,Forward,,,
F,F118,F,F118,"MCGRADY, Glenn ",Glenn MCGRADY,Penrith Panthers,,Forward,,,
F,F119,F,F119,"MCGUIRE, Josh ",Josh MCGUIRE,North Queensland Cowboys,,Forward,,,
F,F120,F,F120,"MCINNES, Cameron ",Cameron MCINNES,St George Illawarra Dragons,,Forward,,,
F,F121,F,F121,"MCINTYRE, Sam ",Sam MCINTYRE,Gold Coast Titans,,Forward,,,
F,F122,F,F122,"MCLEAN, Jordan ",Jordan MCLEAN,North Queensland Cowboys,,Forward,,,
F,F123,F,F123,"MERRIN, Trent ",Trent MERRIN,St George Illawarra Dragons,,Forward,,,
F,F124,F,F124,"MIKAELE, Thomas ",Thomas MIKAELE,Wests Tigers,,Forward,,,
F,F125,F,F125,"MILNE, Taane ",Taane MILNE,South Sydney Rabbitohs,,Forward,,,
F,F126,F,F126,"MOLO, Francis ",Francis MOLO,North Queensland Cowboys,,Forward,,,
F,F127,F,F127,"MOMOISEA, Jirah ",Jirah MOMOISEA,Newcastle Knights,,Forward,,,
F,F128,F,F128,"MURCHIE, Jack ",Jack MURCHIE,New Zealand Warriors,,Forward,,,
F,F129,F,F129,"MURDOCH-MASILA, Ben ",Ben MURDOCH-MASILA,New Zealand Warriors,,Forward,,,
F,F130,F,F130,"MURRAY, Cameron ",Cameron MURRAY,South Sydney Rabbitohs,,Forward,,,
F,F131,F,F131,"MUSGROVE, Zane ",Zane MUSGROVE,Wests Tigers,,Forward,,,
F,F132,F,F132,"NAPA, Dylan ",Dylan NAPA,Canterbury Bulldogs,,Forward,,,
F,F133,F,F133,"NICHOLLS, Mark ",Mark NICHOLLS,South Sydney Rabbitohs,,Forward,,,
F,F134,F,F134,"NIKORA, Briton ",Briton NIKORA,Cronulla Sharks,,Forward,,,
F,F135,F,F135,"NIUKORE, Marata ",Marata NIUKORE,Parramatta Eels,,Forward,,,
F,F136,F,F136,"OATES, Corey ",Corey OATES,Brisbane Broncos,,Forward,,,
F,F137,F,F137,"OFAHENGAUE, Joe ",Joe OFAHENGAUE,Wests Tigers,,Forward,,,
F,F138,F,F138,"OGDEN, Ofahiki ",Ofahiki OGDEN,Canterbury Bulldogs,,Forward,,,
F,F139,F,F139,"OLAKAUATU, Haumole ",Haumole OLAKAUATU,Manly Sea Eagles,,Forward,,,
F,F140,F,F140,"PACKER, Russell ",Russell PACKER,Wests Tigers,,Forward,,,
F,F141,F,F141,"PALASIA, Keenan ",Keenan PALASIA,Brisbane Broncos,,Forward,,,
F,F142,F,F142,"PANGAI Junior, Tevita ",Tevita PANGAI Junior,Brisbane Broncos,,Forward,,,
F,F143,F,F143,"PAPALI'I, Isaiah ",Isaiah PAPALI'I,Parramatta Eels,,Forward,,,
F,F144,F,F144,"PAPALII, Josh ",Josh PAPALII,Canberra Raiders,,Forward,,,
F,F145,F,F145,"PASEKA, Taniela ",Taniela PASEKA,Manly Sea Eagles,,Forward,,,
F,F146,F,F146,"PAULO, Junior ",Junior PAULO,Parramatta Eels,,Forward,,,
F,F147,F,F147,"PEACHEY, Tyrone ",Tyrone PEACHEY,Gold Coast Titans,,Forward,,,
F,F148,F,F148,"PELE, Franklin ",Franklin PELE,Cronulla Sharks,,Forward,,,
F,F149,F,F149,"PENE, Aaron ",Aaron PENE,Melbourne Storm,,Forward,,,
F,F150,F,F150,"PERE, Emry ",Emry PERE,North Queensland Cowboys,,Forward,,,
F,F151,F,F151,"PROCTOR, Kevin ",Kevin PROCTOR,Gold Coast Titans,,Forward,,,
F,F152,F,F152,"RADLEY, Victor ",Victor RADLEY,Sydney Roosters,,Forward,,,
F,F153,F,F153,"RIKI, Jordan ",Jordan RIKI,Brisbane Broncos,,Forward,,,
F,F154,F,F154,"ROUMANOS, James ",James ROUMANOS,Canterbury Bulldogs,,Forward,,,
F,F155,F,F155,"RUDOLF, Toby ",Toby RUDOLF,Cronulla Sharks,,Forward,,,
F,F156,F,F156,"RUSHTON, Harry ",Harry RUSHTON,Canberra Raiders,,Forward,,,
F,F157,F,F157,"SAIFITI, Daniel ",Daniel SAIFITI,Newcastle Knights,,Forward,,,
F,F158,F,F158,"SAIFITI, Jacob ",Jacob SAIFITI,Newcastle Knights,,Forward,,,
F,F159,F,F159,"SAULO, Pasami ",Pasami SAULO,Newcastle Knights,,Forward,,,
F,F160,F,F160,"SCHONIG, Darryn ",Darryn SCHONIG,Melbourne Storm,,Forward,,,
F,F161,F,F161,"SELE, Hame ",Hame SELE,South Sydney Rabbitohs,,Forward,,,
F,F162,F,F162,"SEYFARTH, Alex ",Alex SEYFARTH,Wests Tigers,,Forward,,,
F,F163,F,F163,"SIMPKINS, Tukimihia ",Tukimihia SIMPKINS,Wests Tigers,,Forward,,,
F,F164,F,F164,"SIMS, Tariq ",Tariq SIMS,St George Illawarra Dragons,,Forward,,,
F,F165,F,F165,"SIPLEY, Toafofoa ",Toafofoa SIPLEY,Manly Sea Eagles,,Forward,,,
F,F166,F,F166,"SIRONEN, Bayley ",Bayley SIRONEN,New Zealand Warriors,,Forward,,,
F,F167,F,F167,"SIRONEN, Curtis ",Curtis SIRONEN,Manly Sea Eagles,,Forward,,,
F,F168,F,F168,"SMITH, Brandon ",Brandon SMITH,Melbourne Storm,,Forward,,,
F,F169,F,F169,"SMITH, Chris ",Chris SMITH,Canterbury Bulldogs,,Forward,,,
F,F170,F,F170,"SMITH, Lindsay ",Lindsay SMITH,Penrith Panthers,,Forward,,,
F,F171,F,F171,"SOLIOLA, Iosia ",Iosia SOLIOLA,Canberra Raiders,,Forward,,,
F,F172,F,F172,"SORENSEN, Scott ",Scott SORENSEN,Penrith Panthers,,Forward,,,
F,F173,F,F173,"STIMSON, Joe ",Joe STIMSON,Canterbury Bulldogs,,Forward,,,
F,F174,F,F174,"STONE, Ray ",Ray STONE,Parramatta Eels,,Forward,,,
F,F175,F,F175,"STONE, Sam ",Sam STONE,Gold Coast Titans,,Forward,,,
F,F176,F,F176,"SU'A, Jaydn ",Jaydn SU'A,South Sydney Rabbitohs,,Forward,,,
F,F177,F,F177,"SUE, Sauaso ",Sauaso SUE,Newcastle Knights,,Forward,,,
F,F178,F,F178,"SULUKA-FIFITA, Daniel ",Daniel SULUKA-FIFITA,Sydney Roosters,,Forward,,,
F,F179,F,F179,"SUTTON, Ryan ",Ryan SUTTON,Canberra Raiders,,Forward,,,
F,F180,F,F180,"TALAKAI, Siosifa ",Siosifa TALAKAI,Cronulla Sharks,,Forward,,,
F,F181,F,F181,"TAMOU, James ",James TAMOU,Wests Tigers,,Forward,,,
F,F182,F,F182,"TAPINE, Joseph ",Joseph TAPINE,Canberra Raiders,,Forward,,,
F,F183,F,F183,"TATOLA, Tevita ",Tevita TATOLA,South Sydney Rabbitohs,,Forward,,,
F,F184,F,F184,"TAUKEIAHO, Siosiua ",Siosiua TAUKEIAHO,Sydney Roosters,,Forward,,,
F,F185,F,F185,"TAUMALOLO, Jason ",Jason TAUMALOLO,North Queensland Cowboys,,Forward,,,
F,F186,F,F186,"TAUNOA-BROWN, Jamayne ",Jamayne TAUNOA-BROWN,New Zealand Warriors,,Forward,,,
F,F187,F,F187,"TAUPAU, Martin ",Martin TAUPAU,Manly Sea Eagles,,Forward,,,
F,F188,F,F188,"TE'O, Ben ",Ben TE'O,Brisbane Broncos,,Forward,,,
F,F189,F,F189,"TEVAGA, Jazz ",Jazz TEVAGA,New Zealand Warriors,,Forward,,,
F,F190,F,F190,"THOMPSON, Luke ",Luke THOMPSON,Canterbury Bulldogs,,Forward,,,
F,F191,F,F191,"TO'OMAGA, Renouf ",Renouf TO'OMAGA,Canterbury Bulldogs,,Forward,,,
F,F192,F,F192,"TOLMAN, Aiden ",Aiden TOLMAN,Cronulla Sharks,,Forward,,,
F,F193,F,F193,"TRBOJEVIC, Jake ",Jake TRBOJEVIC,Manly Sea Eagles,,Forward,,,
F,F194,F,F194,"TUPOUNIUA, Sitili ",Sitili TUPOUNIUA,Sydney Roosters,,Forward,,,
F,F195,F,F195,"TWAL, Alex ",Alex TWAL,Wests Tigers,,Forward,,,
F,F196,F,F196,"UTOIKAMANU, Stefano ",Stefano UTOIKAMANU,Wests Tigers,,Forward,,,
F,F197,F,F197,"VAUGHAN, Paul ",Paul VAUGHAN,St George Illawarra Dragons,,Forward,,,
F,F198,F,F198,"WADDELL, Corey ",Corey WADDELL,Canterbury Bulldogs,,Forward,,,
F,F199,F,F199,"WAEREA-HARGREAVES, Jared ",Jared WAEREA-HARGREAVES,Sydney Roosters,,Forward,,,
F,F200,F,F200,"WALLACE, Jarrod ",Jarrod WALLACE,Gold Coast Titans,,Forward,,,
F,F201,F,F201,"WATSON, Connor ",Connor WATSON,Newcastle Knights,,Forward,,,
F,F202,F,F202,"WELCH, Christian ",Christian WELCH,Melbourne Storm,,Forward,,,
F,F203,F,F203,"WHITBREAD, Jai ",Jai WHITBREAD,Gold Coast Titans,,Forward,,,
F,F204,F,F204,"WHITEHEAD, Elliott ",Elliott WHITEHEAD,Canberra Raiders,,Forward,,,
F,F205,F,F205,"WILLIAMS, Jack ",Jack WILLIAMS,Cronulla Sharks,,Forward,,,
F,F206,F,F206,"WILTON, Teig ",Teig WILTON,Cronulla Sharks,,Forward,,,
F,F207,F,F207,"WOODS, Aaron ",Aaron WOODS,Cronulla Sharks,,Forward,,,
F,F208,F,F208,"WRIGHT, Shane ",Shane WRIGHT,North Queensland Cowboys,,Forward,,,
F,F209,F,F209,"YEO, Isaah ",Isaah YEO,Penrith Panthers,,Forward,,,
F,F210,F,F210,"YOUNG, Hudson ",Hudson YOUNG,Canberra Raiders,,Forward,,,
P,P1,P,P1,"AVERILLO, Jake ",Jake AVERILLO,Canterbury Bulldogs,,Playmaker,,,
P,P2,P,P2,"BOYD, Tanah ",Tanah BOYD,Gold Coast Titans,,Playmaker,,,
P,P3,P,P3,"BRAILEY, Blayke ",Blayke BRAILEY,Cronulla Sharks,,Playmaker,,,
P,P4,P,P4,"BRAILEY, Jayden ",Jayden BRAILEY,Newcastle Knights,,Playmaker,,,
P,P5,P,P5,"BRITTAIN, Billy ",Billy BRITTAIN,St George Illawarra Dragons,,Playmaker,,,
P,P6,P,P6,"BROOKS, Luke ",Luke BROOKS,Wests Tigers,,Playmaker,,,
P,P7,P,P7,"BROWN, Dylan ",Dylan BROWN,Parramatta Eels,,Playmaker,,,
P,P8,P,P8,"BURTON, Matt ",Matt BURTON,Penrith Panthers,,Playmaker,,,
P,P9,P,P9,"CHERRY-EVANS, Daly ",Daly CHERRY-EVANS,Manly Sea Eagles,,Playmaker,,,
P,P10,P,P10,"CLARK, Erin ",Erin CLARK,Gold Coast Titans,,Playmaker,,,
P,P11,P,P11,"CLEARY, Nathan ",Nathan CLEARY,Penrith Panthers,,Playmaker,,,
P,P12,P,P12,"CLIFFORD, Jake ",Jake CLIFFORD,North Queensland Cowboys,,Playmaker,,,
P,P13,P,P13,"CLUNE, Adam ",Adam CLUNE,St George Illawarra Dragons,,Playmaker,,,
P,P14,P,P14,"COOK, Damien ",Damien COOK,South Sydney Rabbitohs,,Playmaker,,,
P,P15,P,P15,"COOK, Joshua ",Joshua COOK,South Sydney Rabbitohs,,Playmaker,,,
P,P16,P,P16,"COTTER, Reuben ",Reuben COTTER,North Queensland Cowboys,,Playmaker,,,
P,P17,P,P17,"CROFT, Brodie ",Brodie CROFT,Brisbane Broncos,,Playmaker,,,
P,P18,P,P18,"CROKER, Lachlan ",Lachlan CROKER,Manly Sea Eagles,,Playmaker,,,
P,P19,P,P19,"CROSSLAND, Phoenix ",Phoenix CROSSLAND,Newcastle Knights,,Playmaker,,,
P,P20,P,P20,"CUST, Cade ",Cade CUST,Manly Sea Eagles,,Playmaker,,,
P,P21,P,P21,"DARGAN, Troy ",Troy DARGAN,South Sydney Rabbitohs,,Playmaker,,,
P,P22,P,P22,"DEARDEN, Tom ",Tom DEARDEN,Brisbane Broncos,,Playmaker,,,
P,P23,P,P23,"DRINKWATER, Scott ",Scott DRINKWATER,North Queensland Cowboys,,Playmaker,,,
P,P24,P,P24,"EGAN, Wayde ",Wayde EGAN,New Zealand Warriors,,Playmaker,,,
P,P25,P,P25,"FAINU, Manase ",Manase FAINU,Manly Sea Eagles,,Playmaker,,,
P,P26,P,P26,"FLANAGAN, Kyle ",Kyle FLANAGAN,Canterbury Bulldogs,,Playmaker,,,
P,P27,P,P27,"FOGARTY, Jamal ",Jamal FOGARTY,Gold Coast Titans,,Playmaker,,,
P,P28,P,P28,"FORAN, Kieran ",Kieran FORAN,Manly Sea Eagles,,Playmaker,,,
P,P29,P,P29,"FRAWLEY, Matt ",Matt FRAWLEY,Canberra Raiders,,Playmaker,,,
P,P30,P,P30,"FRIEND, Jake ",Jake FRIEND,Sydney Roosters,,Playmaker,,,
P,P31,P,P31,"GRANT, Harry ",Harry GRANT,Melbourne Storm,,Playmaker,,,
P,P32,P,P32,"GRANVILLE, Jake ",Jake GRANVILLE,North Queensland Cowboys,,Playmaker,,,
P,P33,P,P33,"GREEN, Blake ",Blake GREEN,Newcastle Knights,,Playmaker,,,
P,P34,P,P34,"HARRIS-TAVITA, Chanel ",Chanel HARRIS-TAVITA,New Zealand Warriors,,Playmaker,,,
P,P35,P,P35,"HAVILI, Siliva ",Siliva HAVILI,Canberra Raiders,,Playmaker,,,
P,P36,P,P36,"HAWKINS, Dean ",Dean HAWKINS,South Sydney Rabbitohs,,Playmaker,,,
P,P37,P,P37,"HODGSON, Josh ",Josh HODGSON,Canberra Raiders,,Playmaker,,,
P,P38,P,P38,"HOY, Tex ",Tex HOY,Newcastle Knights,,Playmaker,,,
P,P39,P,P39,"HUGHES, Jahrome ",Jahrome HUGHES,Melbourne Storm,,Playmaker,,,
P,P40,P,P40,"HUNT, Ben ",Ben HUNT,St George Illawarra Dragons,,Playmaker,,,
P,P41,P,P41,"HUTCHISON, Drew ",Drew HUTCHISON,Sydney Roosters,,Playmaker,,,
P,P42,P,P42,"JACKS, Ryley ",Ryley JACKS,Melbourne Storm,,Playmaker,,,
P,P43,P,P43,"JOHNS, Cooper ",Cooper JOHNS,Melbourne Storm,,Playmaker,,,
P,P44,P,P44,"JOHNSON, Shaun ",Shaun JOHNSON,Cronulla Sharks,,Playmaker,,,
P,P45,P,P45,"KATOA, Sione ",Sione KATOA,Canterbury Bulldogs,,Playmaker,,,
P,P46,P,P46,"KEARY, Luke ",Luke KEARY,Sydney Roosters,,Playmaker,,,
P,P47,P,P47,"KEIGHRAN, Adam ",Adam KEIGHRAN,Sydney Roosters,,Playmaker,,,
P,P48,P,P48,"KENNY, Mitch ",Mitch KENNY,Penrith Panthers,,Playmaker,,,
P,P49,P,P49,"KOROISAU, Apisai ",Apisai KOROISAU,Penrith Panthers,,Playmaker,,,
P,P50,P,P50,"LAM, Lachlan ",Lachlan LAM,Sydney Roosters,,Playmaker,,,
P,P51,P,P51,"LEWIS, Lachlan ",Lachlan LEWIS,Canterbury Bulldogs,,Playmaker,,,
P,P52,P,P52,"LIDDLE, Jacob ",Jacob LIDDLE,Wests Tigers,,Playmaker,,,
P,P53,P,P53,"LUAI, Jarome ",Jarome LUAI,Penrith Panthers,,Playmaker,,,
P,P54,P,P54,"LUSSICK, Joey ",Joey LUSSICK,Parramatta Eels,,Playmaker,,,
P,P55,P,P55,"MADDEN, Jock ",Jock MADDEN,Wests Tigers,,Playmaker,,,
P,P56,P,P56,"MAHONEY, Reed ",Reed MAHONEY,Parramatta Eels,,Playmaker,,,
P,P57,P,P57,"MANN, Kurt ",Kurt MANN,Newcastle Knights,,Playmaker,,,
P,P58,P,P58,"MARSHALL-KING, Jeremy ",Jeremy MARSHALL-KING,Canterbury Bulldogs,,Playmaker,,,
P,P59,P,P59,"MARSHALL, Benji ",Benji MARSHALL,South Sydney Rabbitohs,,Playmaker,,,
P,P60,P,P60,"MAY, Tyrone ",Tyrone MAY,Penrith Panthers,,Playmaker,,,
P,P61,P,P61,"MCCULLOUGH, Andrew ",Andrew MCCULLOUGH,St George Illawarra Dragons,,Playmaker,,,
P,P62,P,P62,"METCALF, Luke ",Luke METCALF,Cronulla Sharks,,Playmaker,,,
P,P63,P,P63,"MILFORD, Anthony ",Anthony MILFORD,Brisbane Broncos,,Playmaker,,,
P,P64,P,P64,"MORGAN, Michael ",Michael MORGAN,North Queensland Cowboys,,Playmaker,,,
P,P65,P,P65,"MOSES, Mitchell ",Mitchell MOSES,Parramatta Eels,,Playmaker,,,
P,P66,P,P66,"MUNSTER, Cameron ",Cameron MUNSTER,Melbourne Storm,,Playmaker,,,
P,P67,P,P67,"NICHOLLS, Darren ",Darren NICHOLLS,St George Illawarra Dragons,,Playmaker,,,
P,P68,P,P68,"NIKORIMA, Kodi ",Kodi NIKORIMA,New Zealand Warriors,,Playmaker,,,
P,P69,P,P69,"NORMAN, Corey ",Corey NORMAN,St George Illawarra Dragons,,Playmaker,,,
P,P70,P,P70,"O'SULLIVAN, Sean ",Sean O'SULLIVAN,New Zealand Warriors,,Playmaker,,,
P,P71,P,P71,"PAIX, Cory ",Cory PAIX,Brisbane Broncos,,Playmaker,,,
P,P72,P,P72,"PATTERSON, Kyle ",Kyle PATTERSON,Cronulla Sharks,,Playmaker,,,
P,P73,P,P73,"PEARCE, Mitchell ",Mitchell PEARCE,Newcastle Knights,,Playmaker,,,
P,P74,P,P74,"REIN, Mitch ",Mitch REIN,Gold Coast Titans,,Playmaker,,,
P,P75,P,P75,"REYNOLDS, Adam ",Adam REYNOLDS,South Sydney Rabbitohs,,Playmaker,,,
P,P76,P,P76,"ROACHE, Nathaniel ",Nathaniel ROACHE,Parramatta Eels,,Playmaker,,,
P,P77,P,P77,"ROBSON, Reece ",Reece ROBSON,North Queensland Cowboys,,Playmaker,,,
P,P78,P,P78,"SALMON, Jaeman ",Jaeman SALMON,Penrith Panthers,,Playmaker,,,
P,P79,P,P79,"SASAGI, Nathanael ",Nathanael SASAGI,Newcastle Knights,,Playmaker,,,
P,P80,P,P80,"SCHUSTER, Josh ",Josh SCHUSTER,Manly Sea Eagles,,Playmaker,,,
P,P81,P,P81,"SEXTON, Toby ",Toby SEXTON,Gold Coast Titans,,Playmaker,,,
P,P82,P,P82,"SIMPKIN, Jake ",Jake SIMPKIN,Wests Tigers,,Playmaker,,,
P,P83,P,P83,"SMITH, Will ",Will SMITH,Parramatta Eels,,Playmaker,,,
P,P84,P,P84,"STARLING, Tom ",Tom STARLING,Canberra Raiders,,Playmaker,,,
P,P85,P,P85,"SULLIVAN, Jayden ",Jayden SULLIVAN,St George Illawarra Dragons,,Playmaker,,,
P,P86,P,P86,"TAYLOR, Ashley ",Ashley TAYLOR,Gold Coast Titans,,Playmaker,,,
P,P87,P,P87,"TOWNSEND, Chad ",Chad TOWNSEND,Cronulla Sharks,,Playmaker,,,
P,P88,P,P88,"TRACEY, Connor ",Connor TRACEY,Cronulla Sharks,,Playmaker,,,
P,P89,P,P89,"TRINDALL, Braydon ",Braydon TRINDALL,Cronulla Sharks,,Playmaker,,,
P,P90,P,P90,"TURNER, Paul ",Paul TURNER,New Zealand Warriors,,Playmaker,,,
P,P91,P,P91,"TURPIN, Jake ",Jake TURPIN,Brisbane Broncos,,Playmaker,,,
P,P92,P,P92,"VERRILLS, Sam ",Sam VERRILLS,Sydney Roosters,,Playmaker,,,
P,P93,P,P93,"WAKEHAM, Brandon ",Brandon WAKEHAM,Canterbury Bulldogs,,Playmaker,,,
P,P94,P,P94,"WALKER, Cody ",Cody WALKER,South Sydney Rabbitohs,,Playmaker,,,
P,P95,P,P95,"WALKER, Sam ",Sam WALKER,Sydney Roosters,,Playmaker,,,
P,P96,P,P96,"WALTERS, Billy ",Billy WALTERS,Wests Tigers,,Playmaker,,,
P,P97,P,P97,"WIGHTON, Jack ",Jack WIGHTON,Canberra Raiders,,Playmaker,,,
P,P98,P,P98,"WILLIAMS, George ",George WILLIAMS,Canberra Raiders,,Playmaker,,,
P,P99,P,P99,"WILLIAMS, Sam ",Sam WILLIAMS,Canberra Raiders,,Playmaker,,,
P,P100,P,P100,"WILLIAMS2, Jack ",Jack WILLIAMS2,Cronulla Sharks,,Playmaker,,,